[
{
  "model": "opac.publisher",
  "pk": 1,
  "fields": {
    "created_at": "2018-12-10T07:44:00.923Z",
    "updated_at": "2018-12-10T07:44:00.923Z",
    "name": "\u4f50\u3005\u6728 \u9f8d\u4e00",
    "address": null
  }
},
{
  "model": "opac.publisher",
  "pk": 2,
  "fields": {
    "created_at": "2018-12-10T07:44:59.248Z",
    "updated_at": "2018-12-10T07:44:59.248Z",
    "name": "\u30aa\u30fc\u30e0\u793e",
    "address": "\u6771\u4eac\u90fd\u5343\u4ee3\u7530\u533a\u795e\u7530\u9326\u753a3-1"
  }
},
{
  "model": "opac.publisher",
  "pk": 3,
  "fields": {
    "created_at": "2018-12-10T07:45:25.603Z",
    "updated_at": "2018-12-10T07:45:25.603Z",
    "name": "\u7fd4\u6cf3\u793e",
    "address": "\u6771\u4eac\u90fd\u65b0\u5bbf\u533a\u821f\u753a5"
  }
},
{
  "model": "opac.publisher",
  "pk": 4,
  "fields": {
    "created_at": "2018-12-10T07:56:08.131Z",
    "updated_at": "2018-12-10T07:56:08.131Z",
    "name": "\u30aa\u30e9\u30a4\u30ea\u30fc\u30fb\u30b8\u30e3\u30d1\u30f3",
    "address": "\u6771\u4eac\u90fd\u65b0\u5bbf\u533a\u56db\u8c37\u5742\u753a12\u756a22\u53f7 VORT\u56db\u8c37\u5742\u753a 1F"
  }
},
{
  "model": "opac.publisher",
  "pk": 5,
  "fields": {
    "created_at": "2018-12-10T08:03:42.553Z",
    "updated_at": "2018-12-10T08:03:42.553Z",
    "name": "\u4e38\u5584\u51fa\u7248",
    "address": "\u6771\u4eac\u90fd\u5343\u4ee3\u7530\u533a\u795e\u7530\u795e\u4fdd\u753a2-17\u3000\u795e\u7530\u795e\u4fdd\u753a\u30d3\u30eb6F"
  }
},
{
  "model": "opac.publisher",
  "pk": 6,
  "fields": {
    "created_at": "2018-12-10T08:11:26.576Z",
    "updated_at": "2018-12-10T08:11:26.576Z",
    "name": "\u8fd1\u4ee3\u79d1\u5b66\u793e",
    "address": "\u6771\u4eac\u90fd\u65b0\u5bbf\u533a\u5e02\u8c37\u7530\u753a2-7-15 \u8fd1\u4ee3\u79d1\u5b66\u793e\u30d3\u30eb"
  }
},
{
  "model": "opac.publisher",
  "pk": 7,
  "fields": {
    "created_at": "2018-12-12T15:13:23.223Z",
    "updated_at": "2018-12-12T15:13:23.223Z",
    "name": "\u30a4\u30f3\u30d7\u30ec\u30b9",
    "address": "\u6771\u4eac\u90fd\u5343\u4ee3\u7530\u533a\u795e\u7530\u795e\u4fdd\u753a1-105\u3000\u795e\u4fdd\u753a\u4e09\u4e95\u30d3\u30eb\u30c7\u30a3\u30f3\u30b0"
  }
},
{
  "model": "opac.publisher",
  "pk": 8,
  "fields": {
    "created_at": "2018-12-12T15:47:40.048Z",
    "updated_at": "2018-12-12T15:47:40.048Z",
    "name": "\u6280\u8853\u8a55\u8ad6\u793e",
    "address": "\u6771\u4eac\u90fd\u65b0\u5bbf\u533a\u5e02\u8c37\u5de6\u5185\u753a21-13"
  }
},
{
  "model": "opac.publisher",
  "pk": 9,
  "fields": {
    "created_at": "2018-12-12T16:00:13.383Z",
    "updated_at": "2018-12-12T16:00:13.383Z",
    "name": "\u30b5\u30a4\u30a8\u30f3\u30b9\u793e",
    "address": "\u6771\u4eac\u90fd\u6e0b\u8c37\u533a\u5343\u99c4\u30f6\u8c37 1-3-25"
  }
},
{
  "model": "opac.publisher",
  "pk": 10,
  "fields": {
    "created_at": "2018-12-12T16:05:07.227Z",
    "updated_at": "2018-12-12T16:05:07.227Z",
    "name": "\u79c0\u548c\u30b7\u30b9\u30c6\u30e0",
    "address": "\u6771\u4eac\u90fd\u4e2d\u592e\u533a\u7bc9\u57302\u4e01\u76ee1\u756a17\u53f7 \u967d\u5149\u7bc9\u5730\u30d3\u30eb4F"
  }
},
{
  "model": "opac.publisher",
  "pk": 11,
  "fields": {
    "created_at": "2018-12-12T16:31:54.584Z",
    "updated_at": "2018-12-12T16:31:54.584Z",
    "name": "\u5171\u7acb\u51fa\u7248",
    "address": "\u6771\u4eac\u90fd\u6587\u4eac\u533a\u5c0f\u65e5\u54114\u4e01\u76ee6\u756a19\u53f7"
  }
},
{
  "model": "opac.publisher",
  "pk": 12,
  "fields": {
    "created_at": "2018-12-16T04:14:04.521Z",
    "updated_at": "2018-12-16T04:14:04.521Z",
    "name": "KADOKAWA",
    "address": "\u6771\u4eac\u90fd\u5343\u4ee3\u7530\u533a\u5bcc\u58eb\u898b\u4e8c\u4e01\u76ee13\u756a3\u53f7"
  }
},
{
  "model": "opac.book",
  "pk": 1,
  "fields": {
    "created_at": "2018-12-10T07:48:43.346Z",
    "updated_at": "2018-12-15T06:36:51.394Z",
    "name": "\u8a08\u7b97\u6a5f\u30d7\u30ed\u30b0\u30e9\u30e0\u306e\u69cb\u9020\u3068\u89e3\u91c8\u7b2c2\u7248",
    "publisher": 3,
    "issue_date": "2014-05-16",
    "size": "B5",
    "page": 432,
    "isbn": "9784798135984"
  }
},
{
  "model": "opac.book",
  "pk": 2,
  "fields": {
    "created_at": "2018-12-10T07:53:28.097Z",
    "updated_at": "2018-12-15T06:37:00.950Z",
    "name": "\u30d7\u30ed\u30b0\u30e9\u30df\u30f3\u30b0Haskell",
    "publisher": 2,
    "issue_date": "2009-11-11",
    "size": "A5",
    "page": 232,
    "isbn": "9784274067815"
  }
},
{
  "model": "opac.book",
  "pk": 3,
  "fields": {
    "created_at": "2018-12-10T07:58:28.778Z",
    "updated_at": "2018-12-15T07:20:00.299Z",
    "name": "Fluent Python",
    "publisher": 4,
    "issue_date": "2017-10-07",
    "size": null,
    "page": 832,
    "isbn": "9784873118178"
  }
},
{
  "model": "opac.book",
  "pk": 4,
  "fields": {
    "created_at": "2018-12-10T08:05:39.717Z",
    "updated_at": "2018-12-15T07:20:55.094Z",
    "name": "Effective C++ \u7b2c3\u7248",
    "publisher": 5,
    "issue_date": "2014-03-18",
    "size": "B5\u5909",
    "page": 344,
    "isbn": "9784621066096"
  }
},
{
  "model": "opac.book",
  "pk": 5,
  "fields": {
    "created_at": "2018-12-10T08:08:53.361Z",
    "updated_at": "2018-12-15T06:37:19.822Z",
    "name": "Effective Java \u7b2c3\u7248",
    "publisher": 5,
    "issue_date": "2018-10-30",
    "size": "B5\u5909",
    "page": 412,
    "isbn": "9784621303252"
  }
},
{
  "model": "opac.book",
  "pk": 6,
  "fields": {
    "created_at": "2018-12-10T08:14:20.909Z",
    "updated_at": "2018-12-15T06:37:31.815Z",
    "name": "\u30a2\u30eb\u30b4\u30ea\u30ba\u30e0\u30fb\u30a4\u30f3\u30c8\u30ed\u30c0\u30af\u30b7\u30e7\u30f3 \u7b2c3\u7248 \u7b2c1\u5dfb",
    "publisher": 6,
    "issue_date": "2012-08-02",
    "size": "B5",
    "page": 424,
    "isbn": "9784764904064"
  }
},
{
  "model": "opac.book",
  "pk": 7,
  "fields": {
    "created_at": "2018-12-10T08:17:22.598Z",
    "updated_at": "2018-12-15T06:37:42.997Z",
    "name": "\u30a2\u30eb\u30b4\u30ea\u30ba\u30e0\u30fb\u30a4\u30f3\u30c8\u30ed\u30c0\u30af\u30b7\u30e7\u30f3 \u7b2c3\u7248 \u7b2c2\u5dfb",
    "publisher": 6,
    "issue_date": "2012-12-26",
    "size": "B5",
    "page": 400,
    "isbn": "9784764904071"
  }
},
{
  "model": "opac.book",
  "pk": 8,
  "fields": {
    "created_at": "2018-12-12T15:11:04.415Z",
    "updated_at": "2018-12-15T06:37:53.937Z",
    "name": "\u3059\u3054\u3044Haskell\u305f\u306e\u3057\u304f\u5b66\u307c\u3046\uff01",
    "publisher": 2,
    "issue_date": "2012-05-23",
    "size": "A5",
    "page": 416,
    "isbn": "9784274068850"
  }
},
{
  "model": "opac.book",
  "pk": 9,
  "fields": {
    "created_at": "2018-12-12T15:14:33.056Z",
    "updated_at": "2018-12-15T06:38:04.242Z",
    "name": "\u30b9\u30c3\u30ad\u30ea\u308f\u304b\u308b\u30b5\u30fc\u30d6\u30ec\u30c3\u30c8\uff06JSP\u5165\u9580",
    "publisher": 7,
    "issue_date": "2014-05-07",
    "size": "A5",
    "page": 536,
    "isbn": "9784844335801"
  }
},
{
  "model": "opac.book",
  "pk": 10,
  "fields": {
    "created_at": "2018-12-12T15:19:52.594Z",
    "updated_at": "2018-12-15T06:38:15.774Z",
    "name": "\u5b9f\u8df5Common Lisp",
    "publisher": 2,
    "issue_date": "2008-07-26",
    "size": "B5\u5909",
    "page": 512,
    "isbn": "9784274067211"
  }
},
{
  "model": "opac.book",
  "pk": 11,
  "fields": {
    "created_at": "2018-12-12T15:29:47.969Z",
    "updated_at": "2018-12-15T06:38:42.464Z",
    "name": "\u30d7\u30ed\u30b0\u30e9\u30df\u30f3\u30b0C# \u7b2c7\u7248",
    "publisher": 4,
    "issue_date": "2013-11-29",
    "size": null,
    "page": 768,
    "isbn": "9784873116501"
  }
},
{
  "model": "opac.book",
  "pk": 12,
  "fields": {
    "created_at": "2018-12-12T15:42:20.630Z",
    "updated_at": "2018-12-15T06:38:52.278Z",
    "name": "Scala\u30b9\u30b1\u30fc\u30e9\u30d6\u30eb\u30d7\u30ed\u30b0\u30e9\u30df\u30f3\u30b0\u7b2c3\u7248",
    "publisher": 7,
    "issue_date": "2016-09-20",
    "size": "B5\u5909",
    "page": 720,
    "isbn": "9784844381495"
  }
},
{
  "model": "opac.book",
  "pk": 13,
  "fields": {
    "created_at": "2018-12-12T15:51:14.331Z",
    "updated_at": "2018-12-15T06:39:02.420Z",
    "name": "\u6539\u8a022\u7248 \u30d1\u30fc\u30d5\u30a7\u30af\u30c8Ruby",
    "publisher": 8,
    "issue_date": "2017-05-17",
    "size": "B5\u5909",
    "page": 592,
    "isbn": "9784774189772"
  }
},
{
  "model": "opac.book",
  "pk": 14,
  "fields": {
    "created_at": "2018-12-12T16:01:47.748Z",
    "updated_at": "2018-12-15T06:39:12.202Z",
    "name": "\u30d7\u30ed\u30b0\u30e9\u30df\u30f3\u30b0\u306e\u57fa\u790e",
    "publisher": 9,
    "issue_date": "2007-02-25",
    "size": "A5",
    "page": 288,
    "isbn": "9784781911601"
  }
},
{
  "model": "opac.book",
  "pk": 15,
  "fields": {
    "created_at": "2018-12-12T16:06:21.527Z",
    "updated_at": "2018-12-15T06:39:20.897Z",
    "name": "Python\u30d7\u30ed\u30d5\u30a7\u30c3\u30b7\u30e7\u30ca\u30eb\u30d7\u30ed\u30b0\u30e9\u30df\u30f3\u30b0 \u7b2c3\u7248",
    "publisher": 10,
    "issue_date": "2018-06-18",
    "size": "B5\u5909",
    "page": 488,
    "isbn": "9784798053820"
  }
},
{
  "model": "opac.book",
  "pk": 16,
  "fields": {
    "created_at": "2018-12-12T16:18:26.968Z",
    "updated_at": "2018-12-15T06:39:31.406Z",
    "name": "Python\u306b\u3088\u308b\u30c7\u30fc\u30bf\u5206\u6790\u5165\u9580 \u7b2c2\u7248 \u2015\u2015NumPy\u3001pandas\u3092\u4f7f\u3063\u305f\u30c7\u30fc\u30bf\u51e6\u7406",
    "publisher": 4,
    "issue_date": "2018-07-26",
    "size": null,
    "page": 596,
    "isbn": "9784873118451"
  }
},
{
  "model": "opac.book",
  "pk": 17,
  "fields": {
    "created_at": "2018-12-12T16:35:14.690Z",
    "updated_at": "2018-12-15T06:39:43.153Z",
    "name": "\u30d7\u30ed\u30b0\u30e9\u30df\u30f3\u30b0\u8a00\u8a9eC\u2015ANSI\u898f\u683c\u6e96\u62e0\u2015 \u7b2c2\u7248",
    "publisher": 11,
    "issue_date": "1989-06-15",
    "size": "A5",
    "page": 360,
    "isbn": "9784320026926"
  }
},
{
  "model": "opac.book",
  "pk": 18,
  "fields": {
    "created_at": "2018-12-13T03:52:54.452Z",
    "updated_at": "2018-12-15T06:39:51.303Z",
    "name": "\u30cf\u30c3\u30ab\u30fc\u3068\u753b\u5bb6 \u30b3\u30f3\u30d4\u30e5\u30fc\u30bf\u6642\u4ee3\u306e\u5275\u9020\u8005\u305f\u3061",
    "publisher": 2,
    "issue_date": "2005-01-26",
    "size": "A5",
    "page": 280,
    "isbn": "9784274065972"
  }
},
{
  "model": "opac.book",
  "pk": 19,
  "fields": {
    "created_at": "2018-12-16T04:20:27.910Z",
    "updated_at": "2018-12-16T04:20:27.911Z",
    "name": "The Art of Computer Programming Volume 1 Fundamental Algorithms Third Edition \u65e5\u672c\u8a9e\u7248",
    "publisher": 12,
    "issue_date": "2015-06-26",
    "size": "B5",
    "page": 656,
    "isbn": "9784048694025"
  }
},
{
  "model": "opac.book",
  "pk": 20,
  "fields": {
    "created_at": "2018-12-16T04:23:43.207Z",
    "updated_at": "2018-12-16T04:23:43.207Z",
    "name": "The Art of Computer Programming Volume 2 Seminumerical Algorithms Third Edition \u65e5\u672c\u8a9e\u7248",
    "publisher": 12,
    "issue_date": "2015-07-24",
    "size": "B5",
    "page": 744,
    "isbn": "9784048694162"
  }
},
{
  "model": "opac.book",
  "pk": 21,
  "fields": {
    "created_at": "2018-12-16T04:34:01.262Z",
    "updated_at": "2018-12-16T04:34:01.262Z",
    "name": "The Art of Computer Programming Volume 3 Sorting and Searching Second Edition \u65e5\u672c\u8a9e\u7248",
    "publisher": 12,
    "issue_date": "2015-10-30",
    "size": "B5",
    "page": 760,
    "isbn": "9784048694315"
  }
},
{
  "model": "opac.author",
  "pk": 1,
  "fields": {
    "created_at": "2018-12-10T07:48:14.258Z",
    "updated_at": "2018-12-10T07:48:14.258Z",
    "name": "Gerald Jay Sussman",
    "books": [
      1
    ]
  }
},
{
  "model": "opac.author",
  "pk": 2,
  "fields": {
    "created_at": "2018-12-10T07:48:22.465Z",
    "updated_at": "2018-12-10T07:48:22.465Z",
    "name": "Harold Abelson",
    "books": [
      1
    ]
  }
},
{
  "model": "opac.author",
  "pk": 3,
  "fields": {
    "created_at": "2018-12-10T07:48:29.986Z",
    "updated_at": "2018-12-10T07:48:29.986Z",
    "name": "Julie Sussman",
    "books": [
      1
    ]
  }
},
{
  "model": "opac.author",
  "pk": 4,
  "fields": {
    "created_at": "2018-12-10T07:53:13.545Z",
    "updated_at": "2018-12-10T07:53:13.545Z",
    "name": "Graham Hutton",
    "books": [
      2
    ]
  }
},
{
  "model": "opac.author",
  "pk": 5,
  "fields": {
    "created_at": "2018-12-10T07:57:40.433Z",
    "updated_at": "2018-12-10T07:57:40.433Z",
    "name": "Luciano Ramalho",
    "books": [
      3
    ]
  }
},
{
  "model": "opac.author",
  "pk": 6,
  "fields": {
    "created_at": "2018-12-10T08:05:26.650Z",
    "updated_at": "2018-12-10T08:05:26.650Z",
    "name": "Scott Meyers",
    "books": [
      4
    ]
  }
},
{
  "model": "opac.author",
  "pk": 7,
  "fields": {
    "created_at": "2018-12-10T08:08:42.308Z",
    "updated_at": "2018-12-10T08:08:42.308Z",
    "name": "Joshua Bloch",
    "books": [
      5
    ]
  }
},
{
  "model": "opac.author",
  "pk": 8,
  "fields": {
    "created_at": "2018-12-10T08:12:39.815Z",
    "updated_at": "2018-12-10T08:12:39.815Z",
    "name": "T.\u30b3\u30eb\u30e1\u30f3",
    "books": [
      6,
      7
    ]
  }
},
{
  "model": "opac.author",
  "pk": 9,
  "fields": {
    "created_at": "2018-12-10T08:12:57.829Z",
    "updated_at": "2018-12-10T08:12:57.829Z",
    "name": "C.\u30e9\u30a4\u30b6\u30fc\u30bd\u30f3",
    "books": [
      6,
      7
    ]
  }
},
{
  "model": "opac.author",
  "pk": 10,
  "fields": {
    "created_at": "2018-12-10T08:13:10.633Z",
    "updated_at": "2018-12-10T08:13:10.633Z",
    "name": "R.\u30ea\u30d9\u30b9\u30c8",
    "books": [
      6,
      7
    ]
  }
},
{
  "model": "opac.author",
  "pk": 11,
  "fields": {
    "created_at": "2018-12-10T08:13:22.596Z",
    "updated_at": "2018-12-10T08:13:22.596Z",
    "name": "C.\u30b7\u30e5\u30bf\u30a4\u30f3",
    "books": [
      6,
      7
    ]
  }
},
{
  "model": "opac.author",
  "pk": 12,
  "fields": {
    "created_at": "2018-12-12T15:10:10.081Z",
    "updated_at": "2018-12-12T15:10:10.081Z",
    "name": "Miran Lipovaca",
    "books": [
      8
    ]
  }
},
{
  "model": "opac.author",
  "pk": 13,
  "fields": {
    "created_at": "2018-12-12T15:14:22.241Z",
    "updated_at": "2018-12-15T07:23:36.136Z",
    "name": "\u56fd\u672c\u5927\u609f",
    "books": [
      9
    ]
  }
},
{
  "model": "opac.author",
  "pk": 14,
  "fields": {
    "created_at": "2018-12-12T15:18:03.654Z",
    "updated_at": "2018-12-12T15:18:03.654Z",
    "name": "Peter Seibel",
    "books": [
      10
    ]
  }
},
{
  "model": "opac.author",
  "pk": 15,
  "fields": {
    "created_at": "2018-12-12T15:26:54.909Z",
    "updated_at": "2018-12-12T15:26:54.909Z",
    "name": "Ian Griffiths",
    "books": [
      11
    ]
  }
},
{
  "model": "opac.author",
  "pk": 16,
  "fields": {
    "created_at": "2018-12-12T15:40:38.676Z",
    "updated_at": "2018-12-12T15:40:38.676Z",
    "name": "Martin Odersky",
    "books": [
      12
    ]
  }
},
{
  "model": "opac.author",
  "pk": 17,
  "fields": {
    "created_at": "2018-12-12T15:40:57.162Z",
    "updated_at": "2018-12-12T15:40:57.162Z",
    "name": "Lex Spoon",
    "books": [
      12
    ]
  }
},
{
  "model": "opac.author",
  "pk": 18,
  "fields": {
    "created_at": "2018-12-12T15:41:21.939Z",
    "updated_at": "2018-12-12T15:41:21.939Z",
    "name": "Bill Venner",
    "books": [
      12
    ]
  }
},
{
  "model": "opac.author",
  "pk": 19,
  "fields": {
    "created_at": "2018-12-12T15:49:23.396Z",
    "updated_at": "2018-12-12T15:49:23.396Z",
    "name": "\u3059\u304c\u308f\u3089\u307e\u3055\u306e\u308a",
    "books": [
      13
    ]
  }
},
{
  "model": "opac.author",
  "pk": 20,
  "fields": {
    "created_at": "2018-12-12T15:49:38.321Z",
    "updated_at": "2018-12-15T07:23:43.986Z",
    "name": "\u5bfa\u7530\u7384\u592a\u90ce",
    "books": [
      13
    ]
  }
},
{
  "model": "opac.author",
  "pk": 21,
  "fields": {
    "created_at": "2018-12-12T15:49:54.789Z",
    "updated_at": "2018-12-15T07:23:48.614Z",
    "name": "\u4e09\u6751\u76ca\u9686",
    "books": [
      13
    ]
  }
},
{
  "model": "opac.author",
  "pk": 22,
  "fields": {
    "created_at": "2018-12-12T15:50:15.170Z",
    "updated_at": "2018-12-15T07:23:54.323Z",
    "name": "\u6a4b\u7acb\u53cb\u5b8f",
    "books": [
      13
    ]
  }
},
{
  "model": "opac.author",
  "pk": 23,
  "fields": {
    "created_at": "2018-12-12T15:50:44.414Z",
    "updated_at": "2018-12-15T07:23:58.755Z",
    "name": "\u95a2\u53e3\u4eae\u4e00",
    "books": [
      13
    ]
  }
},
{
  "model": "opac.author",
  "pk": 24,
  "fields": {
    "created_at": "2018-12-12T15:51:11.036Z",
    "updated_at": "2018-12-15T07:24:05.257Z",
    "name": "\u8fd1\u85e4\u5b87\u667a\u6717",
    "books": [
      13
    ]
  }
},
{
  "model": "opac.author",
  "pk": 25,
  "fields": {
    "created_at": "2018-12-12T16:01:40.878Z",
    "updated_at": "2018-12-15T07:24:19.566Z",
    "name": "\u6d45\u4e95\u5065\u4e00",
    "books": [
      14
    ]
  }
},
{
  "model": "opac.author",
  "pk": 26,
  "fields": {
    "created_at": "2018-12-12T16:06:09.939Z",
    "updated_at": "2018-12-12T16:06:09.939Z",
    "name": "\u682a\u5f0f\u4f1a\u793e\u30d3\u30fc\u30d7\u30e9\u30a6\u30c9",
    "books": [
      15
    ]
  }
},
{
  "model": "opac.author",
  "pk": 27,
  "fields": {
    "created_at": "2018-12-12T16:17:38.659Z",
    "updated_at": "2018-12-12T16:17:38.659Z",
    "name": "Wes McKinney",
    "books": [
      16
    ]
  }
},
{
  "model": "opac.author",
  "pk": 28,
  "fields": {
    "created_at": "2018-12-12T16:34:01.147Z",
    "updated_at": "2018-12-12T16:34:01.147Z",
    "name": "\u30c7\u30cb\u30b9\u30fb\u30ea\u30c3\u30c1\u30fc",
    "books": [
      17
    ]
  }
},
{
  "model": "opac.author",
  "pk": 29,
  "fields": {
    "created_at": "2018-12-12T16:34:42.784Z",
    "updated_at": "2018-12-12T16:34:42.784Z",
    "name": "\u30d6\u30e9\u30a4\u30a2\u30f3\u30fb\u30ab\u30fc\u30cb\u30cf\u30f3",
    "books": [
      17
    ]
  }
},
{
  "model": "opac.author",
  "pk": 30,
  "fields": {
    "created_at": "2018-12-13T03:52:02.798Z",
    "updated_at": "2018-12-13T03:52:02.798Z",
    "name": "Paul Graham",
    "books": [
      18
    ]
  }
},
{
  "model": "opac.author",
  "pk": 31,
  "fields": {
    "created_at": "2018-12-16T04:15:39.101Z",
    "updated_at": "2018-12-16T04:15:39.101Z",
    "name": "Donald E.Knuth",
    "books": [
      19,
      20,
      21
    ]
  }
},
{
  "model": "opac.author",
  "pk": 32,
  "fields": {
    "created_at": "2018-12-16T05:19:26.817Z",
    "updated_at": "2018-12-16T05:19:26.817Z",
    "name": "\u4f50\u3005\u6728\u9f8d\u4e00",
    "books": []
  }
},
{
  "model": "opac.library",
  "pk": 1,
  "fields": {
    "created_at": "2018-12-10T08:02:04.379Z",
    "updated_at": "2018-12-16T08:16:59.534Z",
    "name": "\u672c\u9928",
    "address": "\u672c\u753a1-1-1"
  }
},
{
  "model": "opac.library",
  "pk": 2,
  "fields": {
    "created_at": "2018-12-10T08:02:12.377Z",
    "updated_at": "2018-12-10T08:02:12.377Z",
    "name": "\u5225\u99281",
    "address": "\u5927\u5b571-2-3"
  }
},
{
  "model": "opac.library",
  "pk": 3,
  "fields": {
    "created_at": "2018-12-10T08:02:21.813Z",
    "updated_at": "2018-12-10T08:02:21.813Z",
    "name": "\u5225\u99282",
    "address": "\u5927\u5b572-3-4"
  }
},
{
  "model": "opac.library",
  "pk": 4,
  "fields": {
    "created_at": "2018-12-10T08:02:29.048Z",
    "updated_at": "2018-12-10T08:02:29.048Z",
    "name": "\u5225\u99283",
    "address": "\u5927\u5b573-4-5"
  }
},
{
  "model": "opac.stock",
  "pk": 1,
  "fields": {
    "created_at": "2018-12-10T08:21:40.883Z",
    "updated_at": "2018-12-10T08:21:40.883Z",
    "book": 1,
    "library": 1
  }
},
{
  "model": "opac.stock",
  "pk": 2,
  "fields": {
    "created_at": "2018-12-10T08:21:48.042Z",
    "updated_at": "2018-12-10T08:21:48.042Z",
    "book": 1,
    "library": 1
  }
},
{
  "model": "opac.stock",
  "pk": 3,
  "fields": {
    "created_at": "2018-12-10T08:21:54.901Z",
    "updated_at": "2018-12-10T08:21:54.901Z",
    "book": 1,
    "library": 3
  }
},
{
  "model": "opac.stock",
  "pk": 4,
  "fields": {
    "created_at": "2018-12-10T08:22:10.090Z",
    "updated_at": "2018-12-10T08:22:10.090Z",
    "book": 2,
    "library": 1
  }
},
{
  "model": "opac.stock",
  "pk": 5,
  "fields": {
    "created_at": "2018-12-10T08:22:15.834Z",
    "updated_at": "2018-12-10T08:22:15.834Z",
    "book": 2,
    "library": 1
  }
},
{
  "model": "opac.stock",
  "pk": 6,
  "fields": {
    "created_at": "2018-12-10T08:22:25.912Z",
    "updated_at": "2018-12-10T08:22:25.912Z",
    "book": 2,
    "library": 1
  }
},
{
  "model": "opac.stock",
  "pk": 7,
  "fields": {
    "created_at": "2018-12-10T08:22:53.021Z",
    "updated_at": "2018-12-10T08:22:53.021Z",
    "book": 2,
    "library": 2
  }
},
{
  "model": "opac.stock",
  "pk": 8,
  "fields": {
    "created_at": "2018-12-10T08:22:59.237Z",
    "updated_at": "2018-12-10T08:22:59.237Z",
    "book": 2,
    "library": 4
  }
},
{
  "model": "opac.stock",
  "pk": 9,
  "fields": {
    "created_at": "2018-12-10T08:23:07.296Z",
    "updated_at": "2018-12-10T08:23:07.296Z",
    "book": 3,
    "library": 1
  }
},
{
  "model": "opac.stock",
  "pk": 10,
  "fields": {
    "created_at": "2018-12-10T08:23:12.163Z",
    "updated_at": "2018-12-10T08:23:12.163Z",
    "book": 3,
    "library": 2
  }
},
{
  "model": "opac.stock",
  "pk": 11,
  "fields": {
    "created_at": "2018-12-10T08:23:15.640Z",
    "updated_at": "2018-12-10T08:23:15.640Z",
    "book": 3,
    "library": 2
  }
},
{
  "model": "opac.stock",
  "pk": 12,
  "fields": {
    "created_at": "2018-12-10T08:23:19.100Z",
    "updated_at": "2018-12-10T08:23:19.100Z",
    "book": 3,
    "library": 3
  }
},
{
  "model": "opac.stock",
  "pk": 13,
  "fields": {
    "created_at": "2018-12-10T08:23:22.629Z",
    "updated_at": "2018-12-10T08:23:22.629Z",
    "book": 3,
    "library": 4
  }
},
{
  "model": "opac.stock",
  "pk": 14,
  "fields": {
    "created_at": "2018-12-10T08:23:29.603Z",
    "updated_at": "2018-12-10T08:23:29.603Z",
    "book": 4,
    "library": 1
  }
},
{
  "model": "opac.stock",
  "pk": 15,
  "fields": {
    "created_at": "2018-12-10T08:23:35.029Z",
    "updated_at": "2018-12-10T08:23:35.029Z",
    "book": 4,
    "library": 3
  }
},
{
  "model": "opac.stock",
  "pk": 16,
  "fields": {
    "created_at": "2018-12-10T08:23:38.859Z",
    "updated_at": "2018-12-10T08:23:38.859Z",
    "book": 4,
    "library": 4
  }
},
{
  "model": "opac.stock",
  "pk": 17,
  "fields": {
    "created_at": "2018-12-10T08:23:49.130Z",
    "updated_at": "2018-12-10T08:23:49.130Z",
    "book": 5,
    "library": 1
  }
},
{
  "model": "opac.stock",
  "pk": 18,
  "fields": {
    "created_at": "2018-12-10T08:23:53.391Z",
    "updated_at": "2018-12-10T08:23:53.391Z",
    "book": 5,
    "library": 1
  }
},
{
  "model": "opac.stock",
  "pk": 19,
  "fields": {
    "created_at": "2018-12-10T08:24:00.764Z",
    "updated_at": "2018-12-10T08:24:00.764Z",
    "book": 5,
    "library": 2
  }
},
{
  "model": "opac.stock",
  "pk": 20,
  "fields": {
    "created_at": "2018-12-10T08:24:05.267Z",
    "updated_at": "2018-12-10T08:24:05.267Z",
    "book": 5,
    "library": 3
  }
},
{
  "model": "opac.stock",
  "pk": 21,
  "fields": {
    "created_at": "2018-12-10T08:24:21.349Z",
    "updated_at": "2018-12-10T08:24:21.349Z",
    "book": 6,
    "library": 1
  }
},
{
  "model": "opac.stock",
  "pk": 22,
  "fields": {
    "created_at": "2018-12-10T08:24:27.652Z",
    "updated_at": "2018-12-10T08:24:27.652Z",
    "book": 7,
    "library": 1
  }
},
{
  "model": "opac.stock",
  "pk": 23,
  "fields": {
    "created_at": "2018-12-12T15:20:34.124Z",
    "updated_at": "2018-12-12T15:20:34.124Z",
    "book": 8,
    "library": 1
  }
},
{
  "model": "opac.stock",
  "pk": 24,
  "fields": {
    "created_at": "2018-12-12T15:20:43.626Z",
    "updated_at": "2018-12-12T15:20:43.626Z",
    "book": 8,
    "library": 2
  }
},
{
  "model": "opac.stock",
  "pk": 25,
  "fields": {
    "created_at": "2018-12-12T15:20:52.841Z",
    "updated_at": "2018-12-12T15:20:52.841Z",
    "book": 8,
    "library": 3
  }
},
{
  "model": "opac.stock",
  "pk": 26,
  "fields": {
    "created_at": "2018-12-12T15:21:31.478Z",
    "updated_at": "2018-12-12T15:21:31.478Z",
    "book": 9,
    "library": 3
  }
},
{
  "model": "opac.stock",
  "pk": 27,
  "fields": {
    "created_at": "2018-12-12T15:21:36.811Z",
    "updated_at": "2018-12-12T15:21:36.811Z",
    "book": 9,
    "library": 4
  }
},
{
  "model": "opac.stock",
  "pk": 28,
  "fields": {
    "created_at": "2018-12-12T15:22:14.186Z",
    "updated_at": "2018-12-12T15:22:14.187Z",
    "book": 10,
    "library": 1
  }
},
{
  "model": "opac.stock",
  "pk": 29,
  "fields": {
    "created_at": "2018-12-12T15:30:31.989Z",
    "updated_at": "2018-12-12T15:30:31.989Z",
    "book": 11,
    "library": 1
  }
},
{
  "model": "opac.stock",
  "pk": 30,
  "fields": {
    "created_at": "2018-12-12T15:30:39.803Z",
    "updated_at": "2018-12-12T15:30:39.803Z",
    "book": 11,
    "library": 2
  }
},
{
  "model": "opac.stock",
  "pk": 31,
  "fields": {
    "created_at": "2018-12-12T15:30:45.682Z",
    "updated_at": "2018-12-12T15:30:45.682Z",
    "book": 11,
    "library": 3
  }
},
{
  "model": "opac.stock",
  "pk": 32,
  "fields": {
    "created_at": "2018-12-12T15:30:50.106Z",
    "updated_at": "2018-12-12T15:30:50.106Z",
    "book": 11,
    "library": 4
  }
},
{
  "model": "opac.stock",
  "pk": 33,
  "fields": {
    "created_at": "2018-12-12T15:42:33.694Z",
    "updated_at": "2018-12-12T15:42:33.694Z",
    "book": 12,
    "library": 1
  }
},
{
  "model": "opac.stock",
  "pk": 34,
  "fields": {
    "created_at": "2018-12-12T15:42:38.405Z",
    "updated_at": "2018-12-12T15:42:38.405Z",
    "book": 12,
    "library": 1
  }
},
{
  "model": "opac.stock",
  "pk": 35,
  "fields": {
    "created_at": "2018-12-12T15:42:44.418Z",
    "updated_at": "2018-12-12T15:42:44.418Z",
    "book": 12,
    "library": 3
  }
},
{
  "model": "opac.stock",
  "pk": 36,
  "fields": {
    "created_at": "2018-12-12T15:52:35.432Z",
    "updated_at": "2018-12-12T15:52:35.432Z",
    "book": 13,
    "library": 1
  }
},
{
  "model": "opac.stock",
  "pk": 37,
  "fields": {
    "created_at": "2018-12-12T15:52:43.730Z",
    "updated_at": "2018-12-12T15:52:43.730Z",
    "book": 13,
    "library": 1
  }
},
{
  "model": "opac.stock",
  "pk": 38,
  "fields": {
    "created_at": "2018-12-12T15:52:51.467Z",
    "updated_at": "2018-12-12T15:52:51.467Z",
    "book": 13,
    "library": 4
  }
},
{
  "model": "opac.stock",
  "pk": 39,
  "fields": {
    "created_at": "2018-12-12T16:02:25.697Z",
    "updated_at": "2018-12-12T16:02:25.697Z",
    "book": 14,
    "library": 1
  }
},
{
  "model": "opac.stock",
  "pk": 40,
  "fields": {
    "created_at": "2018-12-12T16:02:33.056Z",
    "updated_at": "2018-12-12T16:02:33.056Z",
    "book": 14,
    "library": 1
  }
},
{
  "model": "opac.stock",
  "pk": 41,
  "fields": {
    "created_at": "2018-12-12T16:02:37.460Z",
    "updated_at": "2018-12-12T16:02:37.460Z",
    "book": 14,
    "library": 1
  }
},
{
  "model": "opac.stock",
  "pk": 42,
  "fields": {
    "created_at": "2018-12-12T16:02:44.915Z",
    "updated_at": "2018-12-12T16:02:44.915Z",
    "book": 14,
    "library": 3
  }
},
{
  "model": "opac.stock",
  "pk": 43,
  "fields": {
    "created_at": "2018-12-12T16:07:12.214Z",
    "updated_at": "2018-12-12T16:07:12.214Z",
    "book": 15,
    "library": 1
  }
},
{
  "model": "opac.stock",
  "pk": 44,
  "fields": {
    "created_at": "2018-12-12T16:07:17.811Z",
    "updated_at": "2018-12-12T16:07:17.811Z",
    "book": 15,
    "library": 1
  }
},
{
  "model": "opac.stock",
  "pk": 45,
  "fields": {
    "created_at": "2018-12-12T16:07:21.762Z",
    "updated_at": "2018-12-12T16:07:21.762Z",
    "book": 15,
    "library": 2
  }
},
{
  "model": "opac.stock",
  "pk": 46,
  "fields": {
    "created_at": "2018-12-12T16:07:26.230Z",
    "updated_at": "2018-12-12T16:07:26.230Z",
    "book": 15,
    "library": 3
  }
},
{
  "model": "opac.stock",
  "pk": 47,
  "fields": {
    "created_at": "2018-12-12T16:07:31.087Z",
    "updated_at": "2018-12-12T16:07:31.087Z",
    "book": 15,
    "library": 4
  }
},
{
  "model": "opac.stock",
  "pk": 48,
  "fields": {
    "created_at": "2018-12-12T16:19:13.024Z",
    "updated_at": "2018-12-12T16:19:13.024Z",
    "book": 16,
    "library": 1
  }
},
{
  "model": "opac.stock",
  "pk": 49,
  "fields": {
    "created_at": "2018-12-12T16:19:26.992Z",
    "updated_at": "2018-12-12T16:19:26.992Z",
    "book": 16,
    "library": 1
  }
},
{
  "model": "opac.stock",
  "pk": 50,
  "fields": {
    "created_at": "2018-12-12T16:19:33.323Z",
    "updated_at": "2018-12-12T16:19:33.323Z",
    "book": 16,
    "library": 1
  }
},
{
  "model": "opac.stock",
  "pk": 51,
  "fields": {
    "created_at": "2018-12-12T16:36:06.916Z",
    "updated_at": "2018-12-12T16:36:06.916Z",
    "book": 17,
    "library": 1
  }
},
{
  "model": "opac.stock",
  "pk": 52,
  "fields": {
    "created_at": "2018-12-12T16:36:15.709Z",
    "updated_at": "2018-12-12T16:36:15.709Z",
    "book": 17,
    "library": 2
  }
},
{
  "model": "opac.stock",
  "pk": 53,
  "fields": {
    "created_at": "2018-12-12T16:36:23.043Z",
    "updated_at": "2018-12-12T16:36:23.043Z",
    "book": 17,
    "library": 4
  }
},
{
  "model": "opac.stock",
  "pk": 54,
  "fields": {
    "created_at": "2018-12-13T03:54:23.580Z",
    "updated_at": "2018-12-13T03:55:18.540Z",
    "book": 18,
    "library": 2
  }
},
{
  "model": "opac.stock",
  "pk": 55,
  "fields": {
    "created_at": "2018-12-13T03:54:34.363Z",
    "updated_at": "2018-12-13T03:55:29.403Z",
    "book": 18,
    "library": 2
  }
},
{
  "model": "opac.stock",
  "pk": 56,
  "fields": {
    "created_at": "2018-12-13T03:54:52.906Z",
    "updated_at": "2018-12-13T03:54:52.906Z",
    "book": 18,
    "library": 4
  }
},
{
  "model": "opac.stock",
  "pk": 57,
  "fields": {
    "created_at": "2018-12-13T07:19:08.846Z",
    "updated_at": "2018-12-13T07:19:08.846Z",
    "book": 2,
    "library": 1
  }
},
{
  "model": "opac.stock",
  "pk": 58,
  "fields": {
    "created_at": "2018-12-13T07:23:35.714Z",
    "updated_at": "2018-12-13T07:23:35.714Z",
    "book": 2,
    "library": 3
  }
},
{
  "model": "opac.stock",
  "pk": 59,
  "fields": {
    "created_at": "2018-12-16T04:35:57.980Z",
    "updated_at": "2018-12-16T04:35:57.980Z",
    "book": 19,
    "library": 1
  }
},
{
  "model": "opac.stock",
  "pk": 60,
  "fields": {
    "created_at": "2018-12-16T04:36:05.967Z",
    "updated_at": "2018-12-16T04:36:05.967Z",
    "book": 20,
    "library": 1
  }
},
{
  "model": "opac.stock",
  "pk": 61,
  "fields": {
    "created_at": "2018-12-16T04:36:10.315Z",
    "updated_at": "2018-12-16T04:36:10.315Z",
    "book": 21,
    "library": 1
  }
},
{
  "model": "opac.translator",
  "pk": 1,
  "fields": {
    "created_at": "2018-12-10T07:48:40.253Z",
    "updated_at": "2018-12-15T07:24:57.155Z",
    "name": "\u548c\u7530\u82f1\u4e00",
    "books": [
      1,
      19,
      20,
      21
    ]
  }
},
{
  "model": "opac.translator",
  "pk": 2,
  "fields": {
    "created_at": "2018-12-10T07:53:24.538Z",
    "updated_at": "2018-12-15T07:25:00.680Z",
    "name": "\u5c71\u672c\u548c\u5f66",
    "books": [
      2
    ]
  }
},
{
  "model": "opac.translator",
  "pk": 3,
  "fields": {
    "created_at": "2018-12-10T07:58:03.757Z",
    "updated_at": "2018-12-15T07:25:04.209Z",
    "name": "\u8c4a\u6ca2\u8061",
    "books": [
      3
    ]
  }
},
{
  "model": "opac.translator",
  "pk": 4,
  "fields": {
    "created_at": "2018-12-10T07:58:15.763Z",
    "updated_at": "2018-12-15T07:25:08.653Z",
    "name": "\u6851\u4e95\u535a\u4e4b",
    "books": [
      3
    ]
  }
},
{
  "model": "opac.translator",
  "pk": 5,
  "fields": {
    "created_at": "2018-12-10T07:58:26.096Z",
    "updated_at": "2018-12-15T07:25:12.461Z",
    "name": "\u68b6\u539f\u73b2\u5b50",
    "books": [
      3
    ]
  }
},
{
  "model": "opac.translator",
  "pk": 6,
  "fields": {
    "created_at": "2018-12-10T08:04:41.428Z",
    "updated_at": "2018-12-15T07:25:19.626Z",
    "name": "\u5c0f\u6797\u5065\u4e00\u90ce",
    "books": [
      4
    ]
  }
},
{
  "model": "opac.translator",
  "pk": 7,
  "fields": {
    "created_at": "2018-12-10T08:08:51.449Z",
    "updated_at": "2018-12-15T07:25:22.979Z",
    "name": "\u67f4\u7530\u82b3\u6a39",
    "books": [
      5
    ]
  }
},
{
  "model": "opac.translator",
  "pk": 8,
  "fields": {
    "created_at": "2018-12-10T08:13:36.927Z",
    "updated_at": "2018-12-15T07:25:26.794Z",
    "name": "\u6d45\u91ce\u54f2\u592b",
    "books": [
      6,
      7
    ]
  }
},
{
  "model": "opac.translator",
  "pk": 9,
  "fields": {
    "created_at": "2018-12-10T08:13:50.554Z",
    "updated_at": "2018-12-15T07:25:30.258Z",
    "name": "\u6885\u5c3e\u535a\u53f8",
    "books": [
      6,
      7
    ]
  }
},
{
  "model": "opac.translator",
  "pk": 10,
  "fields": {
    "created_at": "2018-12-10T08:14:03.127Z",
    "updated_at": "2018-12-15T07:25:33.604Z",
    "name": "\u5c71\u4e0b\u96c5\u53f2",
    "books": [
      6,
      7
    ]
  }
},
{
  "model": "opac.translator",
  "pk": 11,
  "fields": {
    "created_at": "2018-12-10T08:14:14.875Z",
    "updated_at": "2018-12-15T07:25:37.526Z",
    "name": "\u5ca9\u91ce\u548c\u751f",
    "books": [
      6,
      7
    ]
  }
},
{
  "model": "opac.translator",
  "pk": 12,
  "fields": {
    "created_at": "2018-12-10T08:17:19.863Z",
    "updated_at": "2018-12-15T07:25:40.928Z",
    "name": "\u548c\u7530\u5e78\u4e00",
    "books": [
      7
    ]
  }
},
{
  "model": "opac.translator",
  "pk": 13,
  "fields": {
    "created_at": "2018-12-12T15:10:33.730Z",
    "updated_at": "2018-12-15T07:25:44.190Z",
    "name": "\u7530\u4e2d\u82f1\u884c",
    "books": [
      8
    ]
  }
},
{
  "model": "opac.translator",
  "pk": 14,
  "fields": {
    "created_at": "2018-12-12T15:10:55.702Z",
    "updated_at": "2018-12-15T07:25:48.393Z",
    "name": "\u6751\u4e3b\u5d07\u884c",
    "books": [
      8
    ]
  }
},
{
  "model": "opac.translator",
  "pk": 15,
  "fields": {
    "created_at": "2018-12-12T15:18:33.996Z",
    "updated_at": "2018-12-15T07:25:51.924Z",
    "name": "\u4f50\u91ce\u5321\u4fca",
    "books": [
      10
    ]
  }
},
{
  "model": "opac.translator",
  "pk": 16,
  "fields": {
    "created_at": "2018-12-12T15:19:01.866Z",
    "updated_at": "2018-12-15T07:25:55.707Z",
    "name": "\u6c34\u4e38\u6df3",
    "books": [
      10
    ]
  }
},
{
  "model": "opac.translator",
  "pk": 17,
  "fields": {
    "created_at": "2018-12-12T15:19:23.208Z",
    "updated_at": "2018-12-15T07:26:00.977Z",
    "name": "\u5712\u57ce\u96c5\u4e4b",
    "books": [
      10
    ]
  }
},
{
  "model": "opac.translator",
  "pk": 18,
  "fields": {
    "created_at": "2018-12-12T15:19:45.728Z",
    "updated_at": "2018-12-15T07:26:04.198Z",
    "name": "\u91d1\u5b50\u7950\u4ecb",
    "books": [
      10
    ]
  }
},
{
  "model": "opac.translator",
  "pk": 19,
  "fields": {
    "created_at": "2018-12-12T15:27:09.180Z",
    "updated_at": "2018-12-15T07:26:09.696Z",
    "name": "\u9234\u6728\u5e78\u654f",
    "books": [
      11
    ]
  }
},
{
  "model": "opac.translator",
  "pk": 20,
  "fields": {
    "created_at": "2018-12-12T15:27:26.359Z",
    "updated_at": "2018-12-15T07:26:15.105Z",
    "name": "\u98a8\u9593\u4e00\u6d0b",
    "books": [
      11
    ]
  }
},
{
  "model": "opac.translator",
  "pk": 21,
  "fields": {
    "created_at": "2018-12-12T15:27:40.834Z",
    "updated_at": "2018-12-15T07:26:21.258Z",
    "name": "\u6728\u6751\u82f1\u4e00",
    "books": [
      11
    ]
  }
},
{
  "model": "opac.translator",
  "pk": 22,
  "fields": {
    "created_at": "2018-12-12T15:28:08.369Z",
    "updated_at": "2018-12-15T07:26:25.445Z",
    "name": "\u9ed2\u5ddd\u5229\u660e",
    "books": [
      11
    ]
  }
},
{
  "model": "opac.translator",
  "pk": 23,
  "fields": {
    "created_at": "2018-12-12T15:28:24.152Z",
    "updated_at": "2018-12-15T07:26:32.303Z",
    "name": "\u9803\u672b\u548c\u7fa9",
    "books": [
      11
    ]
  }
},
{
  "model": "opac.translator",
  "pk": 24,
  "fields": {
    "created_at": "2018-12-12T15:28:44.402Z",
    "updated_at": "2018-12-15T07:26:36.443Z",
    "name": "\u4f50\u85e4\u5609\u4e00",
    "books": [
      11
    ]
  }
},
{
  "model": "opac.translator",
  "pk": 25,
  "fields": {
    "created_at": "2018-12-12T15:29:00.123Z",
    "updated_at": "2018-12-15T07:26:40.320Z",
    "name": "\u51fa\u8449\u7fa9\u6cbb",
    "books": [
      11
    ]
  }
},
{
  "model": "opac.translator",
  "pk": 26,
  "fields": {
    "created_at": "2018-12-12T15:29:24.786Z",
    "updated_at": "2018-12-15T07:26:43.257Z",
    "name": "\u897f\u5c71\u535a\u6cf0",
    "books": [
      11
    ]
  }
},
{
  "model": "opac.translator",
  "pk": 27,
  "fields": {
    "created_at": "2018-12-12T15:29:40.259Z",
    "updated_at": "2018-12-15T07:26:45.862Z",
    "name": "\u7a32\u57a3\u9054\u592b",
    "books": [
      11
    ]
  }
},
{
  "model": "opac.translator",
  "pk": 28,
  "fields": {
    "created_at": "2018-12-12T15:41:36.473Z",
    "updated_at": "2018-12-15T07:26:48.663Z",
    "name": "\u9577\u5c3e\u9ad8\u5f18",
    "books": [
      12,
      19,
      20,
      21
    ]
  }
},
{
  "model": "opac.translator",
  "pk": 29,
  "fields": {
    "created_at": "2018-12-12T15:41:53.498Z",
    "updated_at": "2018-12-15T07:26:51.727Z",
    "name": "\u7fbd\u751f\u7530\u6804\u4e00",
    "books": [
      12
    ]
  }
},
{
  "model": "opac.translator",
  "pk": 30,
  "fields": {
    "created_at": "2018-12-12T15:42:11.211Z",
    "updated_at": "2018-12-15T07:26:54.696Z",
    "name": "\u6c34\u5cf6\u5b8f\u592a",
    "books": [
      12
    ]
  }
},
{
  "model": "opac.translator",
  "pk": 31,
  "fields": {
    "created_at": "2018-12-12T16:17:53.695Z",
    "updated_at": "2018-12-15T07:26:57.955Z",
    "name": "\u702c\u6238\u5c71\u96c5\u4eba",
    "books": [
      16
    ]
  }
},
{
  "model": "opac.translator",
  "pk": 32,
  "fields": {
    "created_at": "2018-12-12T16:18:10.873Z",
    "updated_at": "2018-12-15T07:27:00.669Z",
    "name": "\u5c0f\u6797\u5100\u5321",
    "books": [
      16
    ]
  }
},
{
  "model": "opac.translator",
  "pk": 33,
  "fields": {
    "created_at": "2018-12-12T16:18:23.560Z",
    "updated_at": "2018-12-15T07:27:03.213Z",
    "name": "\u6edd\u53e3\u958b\u8cc7",
    "books": [
      16
    ]
  }
},
{
  "model": "opac.translator",
  "pk": 34,
  "fields": {
    "created_at": "2018-12-12T16:35:11.870Z",
    "updated_at": "2018-12-15T07:27:05.757Z",
    "name": "\u77f3\u7530\u6674\u4e45",
    "books": [
      17
    ]
  }
},
{
  "model": "opac.translator",
  "pk": 35,
  "fields": {
    "created_at": "2018-12-13T03:52:50.958Z",
    "updated_at": "2018-12-15T07:27:08.472Z",
    "name": "\u5ddd\u5408\u53f2\u6717",
    "books": [
      18
    ]
  }
},
{
  "model": "opac.translator",
  "pk": 36,
  "fields": {
    "created_at": "2018-12-16T04:16:06.702Z",
    "updated_at": "2018-12-16T04:16:06.702Z",
    "name": "\u6709\u6fa4\u8aa0",
    "books": [
      19,
      20,
      21
    ]
  }
},
{
  "model": "opac.translator",
  "pk": 37,
  "fields": {
    "created_at": "2018-12-16T04:17:48.517Z",
    "updated_at": "2018-12-16T04:17:48.517Z",
    "name": "\u9752\u6728\u5b5d",
    "books": [
      19
    ]
  }
},
{
  "model": "opac.translator",
  "pk": 38,
  "fields": {
    "created_at": "2018-12-16T04:18:07.337Z",
    "updated_at": "2018-12-16T04:18:07.337Z",
    "name": "\u7b67\u4e00\u5f66",
    "books": [
      19
    ]
  }
},
{
  "model": "opac.translator",
  "pk": 39,
  "fields": {
    "created_at": "2018-12-16T04:18:31.411Z",
    "updated_at": "2018-12-16T04:18:31.411Z",
    "name": "\u9234\u6728\u5065\u4e00",
    "books": [
      19
    ]
  }
},
{
  "model": "opac.translator",
  "pk": 40,
  "fields": {
    "created_at": "2018-12-16T04:22:24.922Z",
    "updated_at": "2018-12-16T04:22:24.922Z",
    "name": "\u658e\u85e4\u535a\u662d",
    "books": [
      20
    ]
  }
},
{
  "model": "opac.translator",
  "pk": 41,
  "fields": {
    "created_at": "2018-12-16T04:22:57.375Z",
    "updated_at": "2018-12-16T04:22:57.375Z",
    "name": "\u677e\u4e95\u7965\u609f",
    "books": [
      20
    ]
  }
},
{
  "model": "opac.translator",
  "pk": 42,
  "fields": {
    "created_at": "2018-12-16T04:23:14.534Z",
    "updated_at": "2018-12-16T04:23:14.534Z",
    "name": "\u677e\u4e95\u5b5d\u96c4",
    "books": [
      20
    ]
  }
},
{
  "model": "opac.translator",
  "pk": 43,
  "fields": {
    "created_at": "2018-12-16T04:23:30.789Z",
    "updated_at": "2018-12-16T04:23:30.789Z",
    "name": "\u5c71\u5185\u6589",
    "books": [
      20
    ]
  }
},
{
  "model": "opac.translator",
  "pk": 44,
  "fields": {
    "created_at": "2018-12-16T04:32:25.667Z",
    "updated_at": "2018-12-16T04:32:25.667Z",
    "name": "\u77f3\u4e95\u88d5\u4e00\u90ce",
    "books": [
      21
    ]
  }
},
{
  "model": "opac.translator",
  "pk": 45,
  "fields": {
    "created_at": "2018-12-16T04:32:56.230Z",
    "updated_at": "2018-12-16T04:32:56.230Z",
    "name": "\u4f0a\u77e5\u5730\u5b8f",
    "books": [
      21
    ]
  }
},
{
  "model": "opac.translator",
  "pk": 46,
  "fields": {
    "created_at": "2018-12-16T04:33:13.547Z",
    "updated_at": "2018-12-16T04:33:13.547Z",
    "name": "\u5c0f\u51fa\u6d0b",
    "books": [
      21
    ]
  }
},
{
  "model": "opac.translator",
  "pk": 47,
  "fields": {
    "created_at": "2018-12-16T04:33:30.757Z",
    "updated_at": "2018-12-16T04:33:30.757Z",
    "name": "\u9ad8\u5ca1\u8a60\u5b50",
    "books": [
      21
    ]
  }
},
{
  "model": "opac.translator",
  "pk": 48,
  "fields": {
    "created_at": "2018-12-16T04:33:50.011Z",
    "updated_at": "2018-12-16T04:33:50.011Z",
    "name": "\u7530\u4e2d\u4e45\u7f8e\u5b50",
    "books": [
      21
    ]
  }
},
{
  "model": "opac.user",
  "pk": 1,
  "fields": {
    "password": "pbkdf2_sha256$120000$nnEU3smDHQFD$6t0VaQ3mHBMfdNWH9nzjh/kCTrFhxa0Uc+qW4axWDvc=",
    "last_login": "2018-12-16T04:51:17.797Z",
    "is_superuser": true,
    "username": "admin",
    "first_name": "",
    "last_name": "",
    "email": "admin@admin.com",
    "is_staff": true,
    "is_active": true,
    "date_joined": "2018-12-10T07:43:16.419Z",
    "groups": [],
    "user_permissions": []
  }
},
{
  "model": "opac.user",
  "pk": 2,
  "fields": {
    "password": "pbkdf2_sha256$120000$NA3P6THyGeZK$lBLfRvUxiWaDsDIFrYIKdQiDDswdeaU4GpMI9pKyBg0=",
    "last_login": null,
    "is_superuser": false,
    "username": "ryuichi",
    "first_name": "\u4f50\u3005\u6728",
    "last_name": "\u9f8d\u4e00",
    "email": "ryuichisan@piyopiyo.com",
    "is_staff": false,
    "is_active": true,
    "date_joined": "2018-12-10T07:59:29Z",
    "groups": [],
    "user_permissions": []
  }
},
{
  "model": "opac.user",
  "pk": 3,
  "fields": {
    "password": "pbkdf2_sha256$120000$XzZsXX3gC3Nc$z3DXE7bTiNq6U01JLYt7BtquHGSQEZE9NqXbAPZXPkY=",
    "last_login": null,
    "is_superuser": false,
    "username": "himajin",
    "first_name": "\u4eca",
    "last_name": "\u4f55\u3057\u3066\u308b",
    "email": "himahima@yahoo.co.jp",
    "is_staff": false,
    "is_active": true,
    "date_joined": "2018-12-10T07:59:45Z",
    "groups": [],
    "user_permissions": []
  }
},
{
  "model": "opac.user",
  "pk": 4,
  "fields": {
    "password": "pbkdf2_sha256$120000$zMOKSJs5LZcS$FN7MPgLMymOxpDrUZ9+4RqKTk6dzur9u9Di0aq0qkzQ=",
    "last_login": null,
    "is_superuser": false,
    "username": "hogenuma",
    "first_name": "\u307b\u3052\u306c\u307e",
    "last_name": "\u307b\u3052\u304a",
    "email": "hoge@numa.com",
    "is_staff": false,
    "is_active": true,
    "date_joined": "2018-12-10T08:00:12Z",
    "groups": [],
    "user_permissions": []
  }
},
{
  "model": "opac.user",
  "pk": 5,
  "fields": {
    "password": "pbkdf2_sha256$120000$uxsXApUGYR73$/XqZGqx034Pyv45VYDgSajuBshEIPj7nvHMogOb0ibQ=",
    "last_login": null,
    "is_superuser": false,
    "username": "russia",
    "first_name": "\u304a\u305d",
    "last_name": "\u30ed\u30b7\u30a2",
    "email": "russia@putin.com",
    "is_staff": false,
    "is_active": true,
    "date_joined": "2018-12-10T08:01:10Z",
    "groups": [],
    "user_permissions": []
  }
},
{
  "model": "opac.user",
  "pk": 6,
  "fields": {
    "password": "pbkdf2_sha256$120000$atbtrOFdaJFr$DfloyipfdDQj2q3DBfNI+1Ym+aLHhTnnyaqSQbcWpE8=",
    "last_login": null,
    "is_superuser": false,
    "username": "ryuichi341",
    "first_name": "\u685c\u4e95",
    "last_name": "\u9686\u4e00",
    "email": "rsakurai53@gmail.com",
    "is_staff": false,
    "is_active": true,
    "date_joined": "2018-12-12T16:11:40Z",
    "groups": [],
    "user_permissions": []
  }
},
{
  "model": "opac.user",
  "pk": 7,
  "fields": {
    "password": "pbkdf2_sha256$120000$UoIs4JRJvm5K$NWguFrjR3x1ghpdH8ekrI+xAahg/S5c0mM0gtFcnw/o=",
    "last_login": null,
    "is_superuser": false,
    "username": "foobar",
    "first_name": "\u98a8",
    "last_name": "\u5a46",
    "email": "foobar@yahoo.co.jp",
    "is_staff": false,
    "is_active": true,
    "date_joined": "2018-12-12T16:37:37Z",
    "groups": [],
    "user_permissions": []
  }
}
]
